category,from_unit,to_unit,from_symbol,to_symbol,slug,url,page_title,h1,meta_description,primary_keyword,secondary_keywords,search_volume_est,conversion_factor
"weight","kg","lb","kg","lb","kg-to-lb","https://turbounitconverter.com/c/weight/kg-to-lb","kg to lb — Convert Kilogram to Pound | Turbo Unit Converter","kg to lb Converter","Convert Kilogram (kg) to Pound (lb) instantly. 1 kg = 2.2046226 lb. Free, accurate, engineering-grade precision.","kilogram to pound","kg to lb | convert kilogram to pound | how many pound in a kilogram | kilogram in pound | kg to lb converter | kilogram vs pound | kilogram to pound formula | kilogram to pound calculator","201000","2.2046226"
"weight","lb","kg","lb","kg","lb-to-kg","https://turbounitconverter.com/c/weight/lb-to-kg","lb to kg — Convert Pound to Kilogram | Turbo Unit Converter","lb to kg Converter","Convert Pound (lb) to Kilogram (kg) instantly. 1 lb = 0.45359237 kg. Free, accurate, engineering-grade precision.","pound to kilogram","lb to kg | convert pound to kilogram | how many kilogram in a pound | pound in kilogram | lb to kg converter | pound vs kilogram | pound to kilogram formula | pound to kilogram calculator","201000","0.45359237"
"weight","g","oz","g","oz","g-to-oz","https://turbounitconverter.com/c/weight/g-to-oz","g to oz — Convert Gram to Ounce | Turbo Unit Converter","g to oz Converter","Convert Gram (g) to Ounce (oz) instantly. 1 g = 0.035273962 oz. Free, accurate, engineering-grade precision.","gram to ounce","g to oz | convert gram to ounce | how many ounce in a gram | gram in ounce | g to oz converter | gram vs ounce | gram to ounce formula | gram to ounce calculator","74000","0.035273962"
"weight","oz","g","oz","g","oz-to-g","https://turbounitconverter.com/c/weight/oz-to-g","oz to g — Convert Ounce to Gram | Turbo Unit Converter","oz to g Converter","Convert Ounce (oz) to Gram (g) instantly. 1 oz = 28.349523 g. Free, accurate, engineering-grade precision.","ounce to gram","oz to g | convert ounce to gram | how many gram in a ounce | ounce in gram | oz to g converter | ounce vs gram | ounce to gram formula | ounce to gram calculator","135000","28.349523"
"weight","kg","st","kg","st","kg-to-st","https://turbounitconverter.com/c/weight/kg-to-st","kg to st — Convert Kilogram to Stone | Turbo Unit Converter","kg to st Converter","Convert Kilogram (kg) to Stone (st) instantly. 1 kg = 0.15747304 st. Free, accurate, engineering-grade precision.","kilogram to stone","kg to st | convert kilogram to stone | how many stone in a kilogram | kilogram in stone | kg to st converter | kilogram vs stone | kilogram to stone formula | kilogram to stone calculator","49000","0.15747304"
"weight","st","kg","st","kg","st-to-kg","https://turbounitconverter.com/c/weight/st-to-kg","st to kg — Convert Stone to Kilogram | Turbo Unit Converter","st to kg Converter","Convert Stone (st) to Kilogram (kg) instantly. 1 st = 6.3502932 kg. Free, accurate, engineering-grade precision.","stone to kilogram","st to kg | convert stone to kilogram | how many kilogram in a stone | stone in kilogram | st to kg converter | stone vs kilogram | stone to kilogram formula | stone to kilogram calculator","33000","6.3502932"
"weight","lb","oz","lb","oz","lb-to-oz","https://turbounitconverter.com/c/weight/lb-to-oz","lb to oz — Convert Pound to Ounce | Turbo Unit Converter","lb to oz Converter","Convert Pound (lb) to Ounce (oz) instantly. 1 lb = 16 oz. Free, accurate, engineering-grade precision.","pound to ounce","lb to oz | convert pound to ounce | how many ounce in a pound | pound in ounce | lb to oz converter | pound vs ounce | pound to ounce formula | pound to ounce calculator","27000","16"
"weight","oz","lb","oz","lb","oz-to-lb","https://turbounitconverter.com/c/weight/oz-to-lb","oz to lb — Convert Ounce to Pound | Turbo Unit Converter","oz to lb Converter","Convert Ounce (oz) to Pound (lb) instantly. 1 oz = 0.0625 lb. Free, accurate, engineering-grade precision.","ounce to pound","oz to lb | convert ounce to pound | how many pound in a ounce | ounce in pound | oz to lb converter | ounce vs pound | ounce to pound formula | ounce to pound calculator","27000","0.0625"
"weight","g","kg","g","kg","g-to-kg","https://turbounitconverter.com/c/weight/g-to-kg","g to kg — Convert Gram to Kilogram | Turbo Unit Converter","g to kg Converter","Convert Gram (g) to Kilogram (kg) instantly. 1 g = 0.001 kg. Free, accurate, engineering-grade precision.","gram to kilogram","g to kg | convert gram to kilogram | how many kilogram in a gram | gram in kilogram | g to kg converter | gram vs kilogram | gram to kilogram formula | gram to kilogram calculator","22000","0.001"
"weight","kg","g","kg","g","kg-to-g","https://turbounitconverter.com/c/weight/kg-to-g","kg to g — Convert Kilogram to Gram | Turbo Unit Converter","kg to g Converter","Convert Kilogram (kg) to Gram (g) instantly. 1 kg = 1000 g. Free, accurate, engineering-grade precision.","kilogram to gram","kg to g | convert kilogram to gram | how many gram in a kilogram | kilogram in gram | kg to g converter | kilogram vs gram | kilogram to gram formula | kilogram to gram calculator","22000","1000"
"weight","mg","g","mg","g","mg-to-g","https://turbounitconverter.com/c/weight/mg-to-g","mg to g — Convert Milligram to Gram | Turbo Unit Converter","mg to g Converter","Convert Milligram (mg) to Gram (g) instantly. 1 mg = 0.001 g. Free, accurate, engineering-grade precision.","milligram to gram","mg to g | convert milligram to gram | how many gram in a milligram | milligram in gram | mg to g converter | milligram vs gram | milligram to gram formula | milligram to gram calculator","18000","0.001"
"weight","g","mg","g","mg","g-to-mg","https://turbounitconverter.com/c/weight/g-to-mg","g to mg — Convert Gram to Milligram | Turbo Unit Converter","g to mg Converter","Convert Gram (g) to Milligram (mg) instantly. 1 g = 1000 mg. Free, accurate, engineering-grade precision.","gram to milligram","g to mg | convert gram to milligram | how many milligram in a gram | gram in milligram | g to mg converter | gram vs milligram | gram to milligram formula | gram to milligram calculator","12000","1000"
"weight","t","kg","t","kg","t-to-kg","https://turbounitconverter.com/c/weight/t-to-kg","t to kg — Convert Metric Ton to Kilogram | Turbo Unit Conver","t to kg Converter","Convert Metric Ton (t) to Kilogram (kg) instantly. 1 t = 1000 kg. Free, accurate, engineering-grade precision.","metric ton to kilogram","t to kg | convert metric ton to kilogram | how many kilogram in a metric ton | metric ton in kilogram | t to kg converter | metric ton vs kilogram | metric ton to kilogram formula | metric ton to kilogram calculator","9900","1000"
"weight","kg","t","kg","t","kg-to-t","https://turbounitconverter.com/c/weight/kg-to-t","kg to t — Convert Kilogram to Metric Ton | Turbo Unit Conver","kg to t Converter","Convert Kilogram (kg) to Metric Ton (t) instantly. 1 kg = 0.001 t. Free, accurate, engineering-grade precision.","kilogram to metric ton","kg to t | convert kilogram to metric ton | how many metric ton in a kilogram | kilogram in metric ton | kg to t converter | kilogram vs metric ton | kilogram to metric ton formula | kilogram to metric ton calculator","9900","0.001"
"weight","lb","g","lb","g","lb-to-g","https://turbounitconverter.com/c/weight/lb-to-g","lb to g — Convert Pound to Gram | Turbo Unit Converter","lb to g Converter","Convert Pound (lb) to Gram (g) instantly. 1 lb = 453.59237 g. Free, accurate, engineering-grade precision.","pound to gram","lb to g | convert pound to gram | how many gram in a pound | pound in gram | lb to g converter | pound vs gram | pound to gram formula | pound to gram calculator","8100","453.59237"
"weight","g","lb","g","lb","g-to-lb","https://turbounitconverter.com/c/weight/g-to-lb","g to lb — Convert Gram to Pound | Turbo Unit Converter","g to lb Converter","Convert Gram (g) to Pound (lb) instantly. 1 g = 0.0022046226 lb. Free, accurate, engineering-grade precision.","gram to pound","g to lb | convert gram to pound | how many pound in a gram | gram in pound | g to lb converter | gram vs pound | gram to pound formula | gram to pound calculator","8100","0.0022046226"
"length","cm","in","cm","in","cm-to-in","https://turbounitconverter.com/c/length/cm-to-in","cm to in — Convert Centimeter to Inch | Turbo Unit Converter","cm to in Converter","Convert Centimeter (cm) to Inch (in) instantly. 1 cm = 0.39370079 in. Free, accurate, engineering-grade precision.","centimeter to inch","cm to in | convert centimeter to inch | how many inch in a centimeter | centimeter in inch | cm to in converter | centimeter vs inch | centimeter to inch formula | centimeter to inch calculator","165000","0.39370079"
"length","in","cm","in","cm","in-to-cm","https://turbounitconverter.com/c/length/in-to-cm","in to cm — Convert Inch to Centimeter | Turbo Unit Converter","in to cm Converter","Convert Inch (in) to Centimeter (cm) instantly. 1 in = 2.54 cm. Free, accurate, engineering-grade precision.","inch to centimeter","in to cm | convert inch to centimeter | how many centimeter in a inch | inch in centimeter | in to cm converter | inch vs centimeter | inch to centimeter formula | inch to centimeter calculator","201000","2.54"
"length","mm","in","mm","in","mm-to-in","https://turbounitconverter.com/c/length/mm-to-in","mm to in — Convert Millimeter to Inch | Turbo Unit Converter","mm to in Converter","Convert Millimeter (mm) to Inch (in) instantly. 1 mm = 0.039370079 in. Free, accurate, engineering-grade precision.","millimeter to inch","mm to in | convert millimeter to inch | how many inch in a millimeter | millimeter in inch | mm to in converter | millimeter vs inch | millimeter to inch formula | millimeter to inch calculator","90500","0.039370079"
"length","in","mm","in","mm","in-to-mm","https://turbounitconverter.com/c/length/in-to-mm","in to mm — Convert Inch to Millimeter | Turbo Unit Converter","in to mm Converter","Convert Inch (in) to Millimeter (mm) instantly. 1 in = 25.4 mm. Free, accurate, engineering-grade precision.","inch to millimeter","in to mm | convert inch to millimeter | how many millimeter in a inch | inch in millimeter | in to mm converter | inch vs millimeter | inch to millimeter formula | inch to millimeter calculator","74000","25.4"
"length","m","ft","m","ft","m-to-ft","https://turbounitconverter.com/c/length/m-to-ft","m to ft — Convert Meter to Foot | Turbo Unit Converter","m to ft Converter","Convert Meter (m) to Foot (ft) instantly. 1 m = 3.2808399 ft. Free, accurate, engineering-grade precision.","meter to foot","m to ft | convert meter to foot | how many foot in a meter | meter in foot | m to ft converter | meter vs foot | meter to foot formula | meter to foot calculator","135000","3.2808399"
"length","ft","m","ft","m","ft-to-m","https://turbounitconverter.com/c/length/ft-to-m","ft to m — Convert Foot to Meter | Turbo Unit Converter","ft to m Converter","Convert Foot (ft) to Meter (m) instantly. 1 ft = 0.3048 m. Free, accurate, engineering-grade precision.","foot to meter","ft to m | convert foot to meter | how many meter in a foot | foot in meter | ft to m converter | foot vs meter | foot to meter formula | foot to meter calculator","135000","0.3048"
"length","km","mi","km","mi","km-to-mi","https://turbounitconverter.com/c/length/km-to-mi","km to mi — Convert Kilometer to Mile | Turbo Unit Converter","km to mi Converter","Convert Kilometer (km) to Mile (mi) instantly. 1 km = 0.62137119 mi. Free, accurate, engineering-grade precision.","kilometer to mile","km to mi | convert kilometer to mile | how many mile in a kilometer | kilometer in mile | km to mi converter | kilometer vs mile | kilometer to mile formula | kilometer to mile calculator","90500","0.62137119"
"length","mi","km","mi","km","mi-to-km","https://turbounitconverter.com/c/length/mi-to-km","mi to km — Convert Mile to Kilometer | Turbo Unit Converter","mi to km Converter","Convert Mile (mi) to Kilometer (km) instantly. 1 mi = 1.609344 km. Free, accurate, engineering-grade precision.","mile to kilometer","mi to km | convert mile to kilometer | how many kilometer in a mile | mile in kilometer | mi to km converter | mile vs kilometer | mile to kilometer formula | mile to kilometer calculator","201000","1.609344"
"length","cm","mm","cm","mm","cm-to-mm","https://turbounitconverter.com/c/length/cm-to-mm","cm to mm — Convert Centimeter to Millimeter | Turbo Unit Con","cm to mm Converter","Convert Centimeter (cm) to Millimeter (mm) instantly. 1 cm = 10 mm. Free, accurate, engineering-grade precision.","centimeter to millimeter","cm to mm | convert centimeter to millimeter | how many millimeter in a centimeter | centimeter in millimeter | cm to mm converter | centimeter vs millimeter | centimeter to millimeter formula | centimeter to millimeter calculator","74000","10"
"length","mm","cm","mm","cm","mm-to-cm","https://turbounitconverter.com/c/length/mm-to-cm","mm to cm — Convert Millimeter to Centimeter | Turbo Unit Con","mm to cm Converter","Convert Millimeter (mm) to Centimeter (cm) instantly. 1 mm = 0.1 cm. Free, accurate, engineering-grade precision.","millimeter to centimeter","mm to cm | convert millimeter to centimeter | how many centimeter in a millimeter | millimeter in centimeter | mm to cm converter | millimeter vs centimeter | millimeter to centimeter formula | millimeter to centimeter calculator","60500","0.1"
"length","m","cm","m","cm","m-to-cm","https://turbounitconverter.com/c/length/m-to-cm","m to cm — Convert Meter to Centimeter | Turbo Unit Converter","m to cm Converter","Convert Meter (m) to Centimeter (cm) instantly. 1 m = 100 cm. Free, accurate, engineering-grade precision.","meter to centimeter","m to cm | convert meter to centimeter | how many centimeter in a meter | meter in centimeter | m to cm converter | meter vs centimeter | meter to centimeter formula | meter to centimeter calculator","40500","100"
"length","cm","m","cm","m","cm-to-m","https://turbounitconverter.com/c/length/cm-to-m","cm to m — Convert Centimeter to Meter | Turbo Unit Converter","cm to m Converter","Convert Centimeter (cm) to Meter (m) instantly. 1 cm = 0.01 m. Free, accurate, engineering-grade precision.","centimeter to meter","cm to m | convert centimeter to meter | how many meter in a centimeter | centimeter in meter | cm to m converter | centimeter vs meter | centimeter to meter formula | centimeter to meter calculator","33000","0.01"
"length","ft","in","ft","in","ft-to-in","https://turbounitconverter.com/c/length/ft-to-in","ft to in — Convert Foot to Inch | Turbo Unit Converter","ft to in Converter","Convert Foot (ft) to Inch (in) instantly. 1 ft = 12 in. Free, accurate, engineering-grade precision.","foot to inch","ft to in | convert foot to inch | how many inch in a foot | foot in inch | ft to in converter | foot vs inch | foot to inch formula | foot to inch calculator","60500","12"
"length","in","ft","in","ft","in-to-ft","https://turbounitconverter.com/c/length/in-to-ft","in to ft — Convert Inch to Foot | Turbo Unit Converter","in to ft Converter","Convert Inch (in) to Foot (ft) instantly. 1 in = 0.083333333 ft. Free, accurate, engineering-grade precision.","inch to foot","in to ft | convert inch to foot | how many foot in a inch | inch in foot | in to ft converter | inch vs foot | inch to foot formula | inch to foot calculator","49500","0.083333333"
"length","yd","ft","yd","ft","yd-to-ft","https://turbounitconverter.com/c/length/yd-to-ft","yd to ft — Convert Yard to Foot | Turbo Unit Converter","yd to ft Converter","Convert Yard (yd) to Foot (ft) instantly. 1 yd = 3 ft. Free, accurate, engineering-grade precision.","yard to foot","yd to ft | convert yard to foot | how many foot in a yard | yard in foot | yd to ft converter | yard vs foot | yard to foot formula | yard to foot calculator","12100","3"
"length","ft","yd","ft","yd","ft-to-yd","https://turbounitconverter.com/c/length/ft-to-yd","ft to yd — Convert Foot to Yard | Turbo Unit Converter","ft to yd Converter","Convert Foot (ft) to Yard (yd) instantly. 1 ft = 0.33333333 yd. Free, accurate, engineering-grade precision.","foot to yard","ft to yd | convert foot to yard | how many yard in a foot | foot in yard | ft to yd converter | foot vs yard | foot to yard formula | foot to yard calculator","12100","0.33333333"
"length","m","km","m","km","m-to-km","https://turbounitconverter.com/c/length/m-to-km","m to km — Convert Meter to Kilometer | Turbo Unit Converter","m to km Converter","Convert Meter (m) to Kilometer (km) instantly. 1 m = 0.001 km. Free, accurate, engineering-grade precision.","meter to kilometer","m to km | convert meter to kilometer | how many kilometer in a meter | meter in kilometer | m to km converter | meter vs kilometer | meter to kilometer formula | meter to kilometer calculator","12100","0.001"
"length","km","m","km","m","km-to-m","https://turbounitconverter.com/c/length/km-to-m","km to m — Convert Kilometer to Meter | Turbo Unit Converter","km to m Converter","Convert Kilometer (km) to Meter (m) instantly. 1 km = 1000 m. Free, accurate, engineering-grade precision.","kilometer to meter","km to m | convert kilometer to meter | how many meter in a kilometer | kilometer in meter | km to m converter | kilometer vs meter | kilometer to meter formula | kilometer to meter calculator","9900","1000"
"length","m","yd","m","yd","m-to-yd","https://turbounitconverter.com/c/length/m-to-yd","m to yd — Convert Meter to Yard | Turbo Unit Converter","m to yd Converter","Convert Meter (m) to Yard (yd) instantly. 1 m = 1.0936133 yd. Free, accurate, engineering-grade precision.","meter to yard","m to yd | convert meter to yard | how many yard in a meter | meter in yard | m to yd converter | meter vs yard | meter to yard formula | meter to yard calculator","8100","1.0936133"
"length","yd","m","yd","m","yd-to-m","https://turbounitconverter.com/c/length/yd-to-m","yd to m — Convert Yard to Meter | Turbo Unit Converter","yd to m Converter","Convert Yard (yd) to Meter (m) instantly. 1 yd = 0.9144 m. Free, accurate, engineering-grade precision.","yard to meter","yd to m | convert yard to meter | how many meter in a yard | yard in meter | yd to m converter | yard vs meter | yard to meter formula | yard to meter calculator","8100","0.9144"
"length","nm","m","nm","m","nm-to-m","https://turbounitconverter.com/c/length/nm-to-m","nm to m — Convert Nanometer to Meter | Turbo Unit Converter","nm to m Converter","Convert Nanometer (nm) to Meter (m) instantly. 1 nm = 1.000000e-9 m. Free, accurate, engineering-grade precision.","nanometer to meter","nm to m | convert nanometer to meter | how many meter in a nanometer | nanometer in meter | nm to m converter | nanometer vs meter | nanometer to meter formula | nanometer to meter calculator","27100","1.000000e-9"
"length","m","nm","m","nm","m-to-nm","https://turbounitconverter.com/c/length/m-to-nm","m to nm — Convert Meter to Nanometer | Turbo Unit Converter","m to nm Converter","Convert Meter (m) to Nanometer (nm) instantly. 1 m = 1000000000 nm. Free, accurate, engineering-grade precision.","meter to nanometer","m to nm | convert meter to nanometer | how many nanometer in a meter | meter in nanometer | m to nm converter | meter vs nanometer | meter to nanometer formula | meter to nanometer calculator","8100","1000000000"
"length","um","mm","µm","mm","um-to-mm","https://turbounitconverter.com/c/length/um-to-mm","µm to mm — Convert Micrometer to Millimeter | Turbo Unit Con","µm to mm Converter","Convert Micrometer (µm) to Millimeter (mm) instantly. 1 µm = 0.001 mm. Free, accurate, engineering-grade precision.","micrometer to millimeter","µm to mm | convert micrometer to millimeter | how many millimeter in a micrometer | micrometer in millimeter | µm to mm converter | micrometer vs millimeter | micrometer to millimeter formula | micrometer to millimeter calculator","5400","0.001"
"length","mm","um","mm","µm","mm-to-um","https://turbounitconverter.com/c/length/mm-to-um","mm to µm — Convert Millimeter to Micrometer | Turbo Unit Con","mm to µm Converter","Convert Millimeter (mm) to Micrometer (µm) instantly. 1 mm = 1000 µm. Free, accurate, engineering-grade precision.","millimeter to micrometer","mm to µm | convert millimeter to micrometer | how many micrometer in a millimeter | millimeter in micrometer | mm to µm converter | millimeter vs micrometer | millimeter to micrometer formula | millimeter to micrometer calculator","5400","1000"
"temperature","c","f","°C","°F","c-to-f","https://turbounitconverter.com/c/temperature/c-to-f","°C to °F — Convert Celsius to Fahrenheit | Turbo Unit Conver","°C to °F Converter","Convert Celsius (°C) to Fahrenheit (°F) instantly. 1 °C = 33.8 °F. Free, accurate, engineering-grade precision.","celsius to fahrenheit","°c to °f | convert celsius to fahrenheit | how many fahrenheit in a celsius | celsius in fahrenheit | °c to °f converter | celsius vs fahrenheit | celsius to fahrenheit formula | celsius to fahrenheit calculator","450000","33.8"
"temperature","f","c","°F","°C","f-to-c","https://turbounitconverter.com/c/temperature/f-to-c","°F to °C — Convert Fahrenheit to Celsius | Turbo Unit Conver","°F to °C Converter","Convert Fahrenheit (°F) to Celsius (°C) instantly. 1 °F = -17.222222 °C. Free, accurate, engineering-grade precision.","fahrenheit to celsius","°f to °c | convert fahrenheit to celsius | how many celsius in a fahrenheit | fahrenheit in celsius | °f to °c converter | fahrenheit vs celsius | fahrenheit to celsius formula | fahrenheit to celsius calculator","450000","-17.222222"
"temperature","c","k","°C","K","c-to-k","https://turbounitconverter.com/c/temperature/c-to-k","°C to K — Convert Celsius to Kelvin | Turbo Unit Converter","°C to K Converter","Convert Celsius (°C) to Kelvin (K) instantly. 1 °C = 274.15 K. Free, accurate, engineering-grade precision.","celsius to kelvin","°c to k | convert celsius to kelvin | how many kelvin in a celsius | celsius in kelvin | °c to k converter | celsius vs kelvin | celsius to kelvin formula | celsius to kelvin calculator","49500","274.15"
"temperature","k","c","K","°C","k-to-c","https://turbounitconverter.com/c/temperature/k-to-c","K to °C — Convert Kelvin to Celsius | Turbo Unit Converter","K to °C Converter","Convert Kelvin (K) to Celsius (°C) instantly. 1 K = -272.15 °C. Free, accurate, engineering-grade precision.","kelvin to celsius","k to °c | convert kelvin to celsius | how many celsius in a kelvin | kelvin in celsius | k to °c converter | kelvin vs celsius | kelvin to celsius formula | kelvin to celsius calculator","40500","-272.15"
"temperature","f","k","°F","K","f-to-k","https://turbounitconverter.com/c/temperature/f-to-k","°F to K — Convert Fahrenheit to Kelvin | Turbo Unit Converte","°F to K Converter","Convert Fahrenheit (°F) to Kelvin (K) instantly. 1 °F = 255.92778 K. Free, accurate, engineering-grade precision.","fahrenheit to kelvin","°f to k | convert fahrenheit to kelvin | how many kelvin in a fahrenheit | fahrenheit in kelvin | °f to k converter | fahrenheit vs kelvin | fahrenheit to kelvin formula | fahrenheit to kelvin calculator","12100","255.92778"
"temperature","k","f","K","°F","k-to-f","https://turbounitconverter.com/c/temperature/k-to-f","K to °F — Convert Kelvin to Fahrenheit | Turbo Unit Converte","K to °F Converter","Convert Kelvin (K) to Fahrenheit (°F) instantly. 1 K = -457.87 °F. Free, accurate, engineering-grade precision.","kelvin to fahrenheit","k to °f | convert kelvin to fahrenheit | how many fahrenheit in a kelvin | kelvin in fahrenheit | k to °f converter | kelvin vs fahrenheit | kelvin to fahrenheit formula | kelvin to fahrenheit calculator","9900","-457.87"
"volume","L","gal_us","L","gal","L-to-gal_us","https://turbounitconverter.com/c/volume/L-to-gal_us","L to gal — Convert Liter to US Gallon | Turbo Unit Converter","L to gal Converter","Convert Liter (L) to US Gallon (gal) instantly. 1 L = 0.26417205 gal. Free, accurate, engineering-grade precision.","liter to us gallon","l to gal | convert liter to us gallon | how many us gallon in a liter | liter in us gallon | l to gal converter | liter vs us gallon | liter to us gallon formula | liter to us gallon calculator","60500","0.26417205"
"volume","gal_us","L","gal","L","gal_us-to-L","https://turbounitconverter.com/c/volume/gal_us-to-L","gal to L — Convert US Gallon to Liter | Turbo Unit Converter","gal to L Converter","Convert US Gallon (gal) to Liter (L) instantly. 1 gal = 3.7854118 L. Free, accurate, engineering-grade precision.","us gallon to liter","gal to l | convert us gallon to liter | how many liter in a us gallon | us gallon in liter | gal to l converter | us gallon vs liter | us gallon to liter formula | us gallon to liter calculator","74000","3.7854118"
"volume","mL","floz","mL","fl oz","mL-to-floz","https://turbounitconverter.com/c/volume/mL-to-floz","mL to fl oz — Convert Milliliter to US Fluid Ounce | Turbo U","mL to fl oz Converter","Convert Milliliter (mL) to US Fluid Ounce (fl oz) instantly. 1 mL = 0.033814023 fl oz. Free, accurate, engineering-grade precision.","milliliter to us fluid ounce","ml to fl oz | convert milliliter to us fluid ounce | how many us fluid ounce in a milliliter | milliliter in us fluid ounce | ml to fl oz converter | milliliter vs us fluid ounce | milliliter to us fluid ounce formula | milliliter to us fluid ounce calculator","60500","0.033814023"
"volume","floz","mL","fl oz","mL","floz-to-mL","https://turbounitconverter.com/c/volume/floz-to-mL","fl oz to mL — Convert US Fluid Ounce to Milliliter | Turbo U","fl oz to mL Converter","Convert US Fluid Ounce (fl oz) to Milliliter (mL) instantly. 1 fl oz = 29.57353 mL. Free, accurate, engineering-grade precision.","us fluid ounce to milliliter","fl oz to ml | convert us fluid ounce to milliliter | how many milliliter in a us fluid ounce | us fluid ounce in milliliter | fl oz to ml converter | us fluid ounce vs milliliter | us fluid ounce to milliliter formula | us fluid ounce to milliliter calculator","49500","29.57353"
"volume","cup","mL","cup","mL","cup-to-mL","https://turbounitconverter.com/c/volume/cup-to-mL","cup to mL — Convert US Cup to Milliliter | Turbo Unit Conver","cup to mL Converter","Convert US Cup (cup) to Milliliter (mL) instantly. 1 cup = 236.58824 mL. Free, accurate, engineering-grade precision.","us cup to milliliter","cup to ml | convert us cup to milliliter | how many milliliter in a us cup | us cup in milliliter | cup to ml converter | us cup vs milliliter | us cup to milliliter formula | us cup to milliliter calculator","49500","236.58824"
"volume","mL","cup","mL","cup","mL-to-cup","https://turbounitconverter.com/c/volume/mL-to-cup","mL to cup — Convert Milliliter to US Cup | Turbo Unit Conver","mL to cup Converter","Convert Milliliter (mL) to US Cup (cup) instantly. 1 mL = 0.0042267528 cup. Free, accurate, engineering-grade precision.","milliliter to us cup","ml to cup | convert milliliter to us cup | how many us cup in a milliliter | milliliter in us cup | ml to cup converter | milliliter vs us cup | milliliter to us cup formula | milliliter to us cup calculator","40500","0.0042267528"
"volume","tbsp","mL","tbsp","mL","tbsp-to-mL","https://turbounitconverter.com/c/volume/tbsp-to-mL","tbsp to mL — Convert Tablespoon to Milliliter | Turbo Unit C","tbsp to mL Converter","Convert Tablespoon (tbsp) to Milliliter (mL) instantly. 1 tbsp = 14.786765 mL. Free, accurate, engineering-grade precision.","tablespoon to milliliter","tbsp to ml | convert tablespoon to milliliter | how many milliliter in a tablespoon | tablespoon in milliliter | tbsp to ml converter | tablespoon vs milliliter | tablespoon to milliliter formula | tablespoon to milliliter calculator","33000","14.786765"
"volume","mL","tbsp","mL","tbsp","mL-to-tbsp","https://turbounitconverter.com/c/volume/mL-to-tbsp","mL to tbsp — Convert Milliliter to Tablespoon | Turbo Unit C","mL to tbsp Converter","Convert Milliliter (mL) to Tablespoon (tbsp) instantly. 1 mL = 0.067628045 tbsp. Free, accurate, engineering-grade precision.","milliliter to tablespoon","ml to tbsp | convert milliliter to tablespoon | how many tablespoon in a milliliter | milliliter in tablespoon | ml to tbsp converter | milliliter vs tablespoon | milliliter to tablespoon formula | milliliter to tablespoon calculator","27000","0.067628045"
"volume","tsp","mL","tsp","mL","tsp-to-mL","https://turbounitconverter.com/c/volume/tsp-to-mL","tsp to mL — Convert Teaspoon to Milliliter | Turbo Unit Conv","tsp to mL Converter","Convert Teaspoon (tsp) to Milliliter (mL) instantly. 1 tsp = 4.9289216 mL. Free, accurate, engineering-grade precision.","teaspoon to milliliter","tsp to ml | convert teaspoon to milliliter | how many milliliter in a teaspoon | teaspoon in milliliter | tsp to ml converter | teaspoon vs milliliter | teaspoon to milliliter formula | teaspoon to milliliter calculator","27000","4.9289216"
"volume","mL","tsp","mL","tsp","mL-to-tsp","https://turbounitconverter.com/c/volume/mL-to-tsp","mL to tsp — Convert Milliliter to Teaspoon | Turbo Unit Conv","mL to tsp Converter","Convert Milliliter (mL) to Teaspoon (tsp) instantly. 1 mL = 0.20288414 tsp. Free, accurate, engineering-grade precision.","milliliter to teaspoon","ml to tsp | convert milliliter to teaspoon | how many teaspoon in a milliliter | milliliter in teaspoon | ml to tsp converter | milliliter vs teaspoon | milliliter to teaspoon formula | milliliter to teaspoon calculator","22000","0.20288414"
"volume","qt","L","qt","L","qt-to-L","https://turbounitconverter.com/c/volume/qt-to-L","qt to L — Convert US Quart to Liter | Turbo Unit Converter","qt to L Converter","Convert US Quart (qt) to Liter (L) instantly. 1 qt = 0.94635295 L. Free, accurate, engineering-grade precision.","us quart to liter","qt to l | convert us quart to liter | how many liter in a us quart | us quart in liter | qt to l converter | us quart vs liter | us quart to liter formula | us quart to liter calculator","12100","0.94635295"
"volume","L","qt","L","qt","L-to-qt","https://turbounitconverter.com/c/volume/L-to-qt","L to qt — Convert Liter to US Quart | Turbo Unit Converter","L to qt Converter","Convert Liter (L) to US Quart (qt) instantly. 1 L = 1.0566882 qt. Free, accurate, engineering-grade precision.","liter to us quart","l to qt | convert liter to us quart | how many us quart in a liter | liter in us quart | l to qt converter | liter vs us quart | liter to us quart formula | liter to us quart calculator","9900","1.0566882"
"volume","pt","L","pt","L","pt-to-L","https://turbounitconverter.com/c/volume/pt-to-L","pt to L — Convert US Pint to Liter | Turbo Unit Converter","pt to L Converter","Convert US Pint (pt) to Liter (L) instantly. 1 pt = 0.47317647 L. Free, accurate, engineering-grade precision.","us pint to liter","pt to l | convert us pint to liter | how many liter in a us pint | us pint in liter | pt to l converter | us pint vs liter | us pint to liter formula | us pint to liter calculator","8100","0.47317647"
"volume","L","pt","L","pt","L-to-pt","https://turbounitconverter.com/c/volume/L-to-pt","L to pt — Convert Liter to US Pint | Turbo Unit Converter","L to pt Converter","Convert Liter (L) to US Pint (pt) instantly. 1 L = 2.1133764 pt. Free, accurate, engineering-grade precision.","liter to us pint","l to pt | convert liter to us pint | how many us pint in a liter | liter in us pint | l to pt converter | liter vs us pint | liter to us pint formula | liter to us pint calculator","6600","2.1133764"
"volume","cup","floz","cup","fl oz","cup-to-floz","https://turbounitconverter.com/c/volume/cup-to-floz","cup to fl oz — Convert US Cup to US Fluid Ounce | Turbo Unit","cup to fl oz Converter","Convert US Cup (cup) to US Fluid Ounce (fl oz) instantly. 1 cup = 8 fl oz. Free, accurate, engineering-grade precision.","us cup to us fluid ounce","cup to fl oz | convert us cup to us fluid ounce | how many us fluid ounce in a us cup | us cup in us fluid ounce | cup to fl oz converter | us cup vs us fluid ounce | us cup to us fluid ounce formula | us cup to us fluid ounce calculator","22000","8"
"volume","floz","cup","fl oz","cup","floz-to-cup","https://turbounitconverter.com/c/volume/floz-to-cup","fl oz to cup — Convert US Fluid Ounce to US Cup | Turbo Unit","fl oz to cup Converter","Convert US Fluid Ounce (fl oz) to US Cup (cup) instantly. 1 fl oz = 0.125 cup. Free, accurate, engineering-grade precision.","us fluid ounce to us cup","fl oz to cup | convert us fluid ounce to us cup | how many us cup in a us fluid ounce | us fluid ounce in us cup | fl oz to cup converter | us fluid ounce vs us cup | us fluid ounce to us cup formula | us fluid ounce to us cup calculator","18000","0.125"
"volume","gal_us","qt","gal","qt","gal_us-to-qt","https://turbounitconverter.com/c/volume/gal_us-to-qt","gal to qt — Convert US Gallon to US Quart | Turbo Unit Conve","gal to qt Converter","Convert US Gallon (gal) to US Quart (qt) instantly. 1 gal = 4 qt. Free, accurate, engineering-grade precision.","us gallon to us quart","gal to qt | convert us gallon to us quart | how many us quart in a us gallon | us gallon in us quart | gal to qt converter | us gallon vs us quart | us gallon to us quart formula | us gallon to us quart calculator","12100","4"
"volume","qt","gal_us","qt","gal","qt-to-gal_us","https://turbounitconverter.com/c/volume/qt-to-gal_us","qt to gal — Convert US Quart to US Gallon | Turbo Unit Conve","qt to gal Converter","Convert US Quart (qt) to US Gallon (gal) instantly. 1 qt = 0.25 gal. Free, accurate, engineering-grade precision.","us quart to us gallon","qt to gal | convert us quart to us gallon | how many us gallon in a us quart | us quart in us gallon | qt to gal converter | us quart vs us gallon | us quart to us gallon formula | us quart to us gallon calculator","9900","0.25"
"volume","gal_us","floz","gal","fl oz","gal_us-to-floz","https://turbounitconverter.com/c/volume/gal_us-to-floz","gal to fl oz — Convert US Gallon to US Fluid Ounce | Turbo U","gal to fl oz Converter","Convert US Gallon (gal) to US Fluid Ounce (fl oz) instantly. 1 gal = 128 fl oz. Free, accurate, engineering-grade precision.","us gallon to us fluid ounce","gal to fl oz | convert us gallon to us fluid ounce | how many us fluid ounce in a us gallon | us gallon in us fluid ounce | gal to fl oz converter | us gallon vs us fluid ounce | us gallon to us fluid ounce formula | us gallon to us fluid ounce calculator","12100","128"
"volume","floz","gal_us","fl oz","gal","floz-to-gal_us","https://turbounitconverter.com/c/volume/floz-to-gal_us","fl oz to gal — Convert US Fluid Ounce to US Gallon | Turbo U","fl oz to gal Converter","Convert US Fluid Ounce (fl oz) to US Gallon (gal) instantly. 1 fl oz = 0.0078125 gal. Free, accurate, engineering-grade precision.","us fluid ounce to us gallon","fl oz to gal | convert us fluid ounce to us gallon | how many us gallon in a us fluid ounce | us fluid ounce in us gallon | fl oz to gal converter | us fluid ounce vs us gallon | us fluid ounce to us gallon formula | us fluid ounce to us gallon calculator","8100","0.0078125"
"volume","mL","L","mL","L","mL-to-L","https://turbounitconverter.com/c/volume/mL-to-L","mL to L — Convert Milliliter to Liter | Turbo Unit Converter","mL to L Converter","Convert Milliliter (mL) to Liter (L) instantly. 1 mL = 0.001 L. Free, accurate, engineering-grade precision.","milliliter to liter","ml to l | convert milliliter to liter | how many liter in a milliliter | milliliter in liter | ml to l converter | milliliter vs liter | milliliter to liter formula | milliliter to liter calculator","9900","0.001"
"volume","L","mL","L","mL","L-to-mL","https://turbounitconverter.com/c/volume/L-to-mL","L to mL — Convert Liter to Milliliter | Turbo Unit Converter","L to mL Converter","Convert Liter (L) to Milliliter (mL) instantly. 1 L = 1000 mL. Free, accurate, engineering-grade precision.","liter to milliliter","l to ml | convert liter to milliliter | how many milliliter in a liter | liter in milliliter | l to ml converter | liter vs milliliter | liter to milliliter formula | liter to milliliter calculator","9900","1000"
"area","ft2","m2","ft²","m²","ft2-to-m2","https://turbounitconverter.com/c/area/ft2-to-m2","ft² to m² — Convert Square Foot to Square Meter | Turbo Unit","ft² to m² Converter","Convert Square Foot (ft²) to Square Meter (m²) instantly. 1 ft² = 0.09290304 m². Free, accurate, engineering-grade precision.","square foot to square meter","ft² to m² | convert square foot to square meter | how many square meter in a square foot | square foot in square meter | ft² to m² converter | square foot vs square meter | square foot to square meter formula | square foot to square meter calculator","27000","0.09290304"
"area","m2","ft2","m²","ft²","m2-to-ft2","https://turbounitconverter.com/c/area/m2-to-ft2","m² to ft² — Convert Square Meter to Square Foot | Turbo Unit","m² to ft² Converter","Convert Square Meter (m²) to Square Foot (ft²) instantly. 1 m² = 10.76391 ft². Free, accurate, engineering-grade precision.","square meter to square foot","m² to ft² | convert square meter to square foot | how many square foot in a square meter | square meter in square foot | m² to ft² converter | square meter vs square foot | square meter to square foot formula | square meter to square foot calculator","33000","10.76391"
"area","ac","ft2","ac","ft²","ac-to-ft2","https://turbounitconverter.com/c/area/ac-to-ft2","ac to ft² — Convert Acre to Square Foot | Turbo Unit Convert","ac to ft² Converter","Convert Acre (ac) to Square Foot (ft²) instantly. 1 ac = 43560 ft². Free, accurate, engineering-grade precision.","acre to square foot","ac to ft² | convert acre to square foot | how many square foot in a acre | acre in square foot | ac to ft² converter | acre vs square foot | acre to square foot formula | acre to square foot calculator","18000","43560"
"area","ft2","ac","ft²","ac","ft2-to-ac","https://turbounitconverter.com/c/area/ft2-to-ac","ft² to ac — Convert Square Foot to Acre | Turbo Unit Convert","ft² to ac Converter","Convert Square Foot (ft²) to Acre (ac) instantly. 1 ft² = 2.295684e-5 ac. Free, accurate, engineering-grade precision.","square foot to acre","ft² to ac | convert square foot to acre | how many acre in a square foot | square foot in acre | ft² to ac converter | square foot vs acre | square foot to acre formula | square foot to acre calculator","12100","2.295684e-5"
"area","ha","ac","ha","ac","ha-to-ac","https://turbounitconverter.com/c/area/ha-to-ac","ha to ac — Convert Hectare to Acre | Turbo Unit Converter","ha to ac Converter","Convert Hectare (ha) to Acre (ac) instantly. 1 ha = 2.4710538 ac. Free, accurate, engineering-grade precision.","hectare to acre","ha to ac | convert hectare to acre | how many acre in a hectare | hectare in acre | ha to ac converter | hectare vs acre | hectare to acre formula | hectare to acre calculator","22000","2.4710538"
"area","ac","ha","ac","ha","ac-to-ha","https://turbounitconverter.com/c/area/ac-to-ha","ac to ha — Convert Acre to Hectare | Turbo Unit Converter","ac to ha Converter","Convert Acre (ac) to Hectare (ha) instantly. 1 ac = 0.40468564 ha. Free, accurate, engineering-grade precision.","acre to hectare","ac to ha | convert acre to hectare | how many hectare in a acre | acre in hectare | ac to ha converter | acre vs hectare | acre to hectare formula | acre to hectare calculator","18000","0.40468564"
"area","m2","ha","m²","ha","m2-to-ha","https://turbounitconverter.com/c/area/m2-to-ha","m² to ha — Convert Square Meter to Hectare | Turbo Unit Conv","m² to ha Converter","Convert Square Meter (m²) to Hectare (ha) instantly. 1 m² = 0.0001 ha. Free, accurate, engineering-grade precision.","square meter to hectare","m² to ha | convert square meter to hectare | how many hectare in a square meter | square meter in hectare | m² to ha converter | square meter vs hectare | square meter to hectare formula | square meter to hectare calculator","6600","0.0001"
"area","ha","m2","ha","m²","ha-to-m2","https://turbounitconverter.com/c/area/ha-to-m2","ha to m² — Convert Hectare to Square Meter | Turbo Unit Conv","ha to m² Converter","Convert Hectare (ha) to Square Meter (m²) instantly. 1 ha = 10000 m². Free, accurate, engineering-grade precision.","hectare to square meter","ha to m² | convert hectare to square meter | how many square meter in a hectare | hectare in square meter | ha to m² converter | hectare vs square meter | hectare to square meter formula | hectare to square meter calculator","5400","10000"
"area","km2","mi2","km²","mi²","km2-to-mi2","https://turbounitconverter.com/c/area/km2-to-mi2","km² to mi² — Convert Square Kilometer to Square Mile | Turbo","km² to mi² Converter","Convert Square Kilometer (km²) to Square Mile (mi²) instantly. 1 km² = 0.38610216 mi². Free, accurate, engineering-grade precision.","square kilometer to square mile","km² to mi² | convert square kilometer to square mile | how many square mile in a square kilometer | square kilometer in square mile | km² to mi² converter | square kilometer vs square mile | square kilometer to square mile formula | square kilometer to square mile calculator","8100","0.38610216"
"area","mi2","km2","mi²","km²","mi2-to-km2","https://turbounitconverter.com/c/area/mi2-to-km2","mi² to km² — Convert Square Mile to Square Kilometer | Turbo","mi² to km² Converter","Convert Square Mile (mi²) to Square Kilometer (km²) instantly. 1 mi² = 2.5899881 km². Free, accurate, engineering-grade precision.","square mile to square kilometer","mi² to km² | convert square mile to square kilometer | how many square kilometer in a square mile | square mile in square kilometer | mi² to km² converter | square mile vs square kilometer | square mile to square kilometer formula | square mile to square kilometer calculator","6600","2.5899881"
"time","min","h","min","h","min-to-h","https://turbounitconverter.com/c/time/min-to-h","min to h — Convert Minute to Hour | Turbo Unit Converter","min to h Converter","Convert Minute (min) to Hour (h) instantly. 1 min = 0.016666667 h. Free, accurate, engineering-grade precision.","minute to hour","min to h | convert minute to hour | how many hour in a minute | minute in hour | min to h converter | minute vs hour | minute to hour formula | minute to hour calculator","12100","0.016666667"
"time","h","min","h","min","h-to-min","https://turbounitconverter.com/c/time/h-to-min","h to min — Convert Hour to Minute | Turbo Unit Converter","h to min Converter","Convert Hour (h) to Minute (min) instantly. 1 h = 60 min. Free, accurate, engineering-grade precision.","hour to minute","h to min | convert hour to minute | how many minute in a hour | hour in minute | h to min converter | hour vs minute | hour to minute formula | hour to minute calculator","9900","60"
"time","s","min","s","min","s-to-min","https://turbounitconverter.com/c/time/s-to-min","s to min — Convert Second to Minute | Turbo Unit Converter","s to min Converter","Convert Second (s) to Minute (min) instantly. 1 s = 0.016666667 min. Free, accurate, engineering-grade precision.","second to minute","s to min | convert second to minute | how many minute in a second | second in minute | s to min converter | second vs minute | second to minute formula | second to minute calculator","6600","0.016666667"
"time","min","s","min","s","min-to-s","https://turbounitconverter.com/c/time/min-to-s","min to s — Convert Minute to Second | Turbo Unit Converter","min to s Converter","Convert Minute (min) to Second (s) instantly. 1 min = 60 s. Free, accurate, engineering-grade precision.","minute to second","min to s | convert minute to second | how many second in a minute | minute in second | min to s converter | minute vs second | minute to second formula | minute to second calculator","5400","60"
"time","d","h","d","h","d-to-h","https://turbounitconverter.com/c/time/d-to-h","d to h — Convert Day to Hour | Turbo Unit Converter","d to h Converter","Convert Day (d) to Hour (h) instantly. 1 d = 24 h. Free, accurate, engineering-grade precision.","day to hour","d to h | convert day to hour | how many hour in a day | day in hour | d to h converter | day vs hour | day to hour formula | day to hour calculator","8100","24"
"time","h","d","h","d","h-to-d","https://turbounitconverter.com/c/time/h-to-d","h to d — Convert Hour to Day | Turbo Unit Converter","h to d Converter","Convert Hour (h) to Day (d) instantly. 1 h = 0.041666667 d. Free, accurate, engineering-grade precision.","hour to day","h to d | convert hour to day | how many day in a hour | hour in day | h to d converter | hour vs day | hour to day formula | hour to day calculator","6600","0.041666667"
"time","wk","d","wk","d","wk-to-d","https://turbounitconverter.com/c/time/wk-to-d","wk to d — Convert Week to Day | Turbo Unit Converter","wk to d Converter","Convert Week (wk) to Day (d) instantly. 1 wk = 7 d. Free, accurate, engineering-grade precision.","week to day","wk to d | convert week to day | how many day in a week | week in day | wk to d converter | week vs day | week to day formula | week to day calculator","5400","7"
"time","d","wk","d","wk","d-to-wk","https://turbounitconverter.com/c/time/d-to-wk","d to wk — Convert Day to Week | Turbo Unit Converter","d to wk Converter","Convert Day (d) to Week (wk) instantly. 1 d = 0.14285714 wk. Free, accurate, engineering-grade precision.","day to week","d to wk | convert day to week | how many week in a day | day in week | d to wk converter | day vs week | day to week formula | day to week calculator","4400","0.14285714"
"time","mo","d","mo","d","mo-to-d","https://turbounitconverter.com/c/time/mo-to-d","mo to d — Convert Month (30 d) to Day | Turbo Unit Converter","mo to d Converter","Convert Month (30 d) (mo) to Day (d) instantly. 1 mo = 30 d. Free, accurate, engineering-grade precision.","month (30 d) to day","mo to d | convert month (30 d) to day | how many day in a month (30 d) | month (30 d) in day | mo to d converter | month (30 d) vs day | month (30 d) to day formula | month (30 d) to day calculator","4400","30"
"time","yr","d","yr","d","yr-to-d","https://turbounitconverter.com/c/time/yr-to-d","yr to d — Convert Year (365 d) to Day | Turbo Unit Converter","yr to d Converter","Convert Year (365 d) (yr) to Day (d) instantly. 1 yr = 365 d. Free, accurate, engineering-grade precision.","year (365 d) to day","yr to d | convert year (365 d) to day | how many day in a year (365 d) | year (365 d) in day | yr to d converter | year (365 d) vs day | year (365 d) to day formula | year (365 d) to day calculator","5400","365"
"speed","mph","kph","mph","km/h","mph-to-kph","https://turbounitconverter.com/c/speed/mph-to-kph","mph to km/h — Convert Mile/hour to Kilometer/hour | Turbo Un","mph to km/h Converter","Convert Mile/hour (mph) to Kilometer/hour (km/h) instantly. 1 mph = 1.609344 km/h. Free, accurate, engineering-grade precision.","mile/hour to kilometer/hour","mph to km/h | convert mile/hour to kilometer/hour | how many kilometer/hour in a mile/hour | mile/hour in kilometer/hour | mph to km/h converter | mile/hour vs kilometer/hour | mile/hour to kilometer/hour formula | mile/hour to kilometer/hour calculator","74000","1.609344"
"speed","kph","mph","km/h","mph","kph-to-mph","https://turbounitconverter.com/c/speed/kph-to-mph","km/h to mph — Convert Kilometer/hour to Mile/hour | Turbo Un","km/h to mph Converter","Convert Kilometer/hour (km/h) to Mile/hour (mph) instantly. 1 km/h = 0.62137119 mph. Free, accurate, engineering-grade precision.","kilometer/hour to mile/hour","km/h to mph | convert kilometer/hour to mile/hour | how many mile/hour in a kilometer/hour | kilometer/hour in mile/hour | km/h to mph converter | kilometer/hour vs mile/hour | kilometer/hour to mile/hour formula | kilometer/hour to mile/hour calculator","90500","0.62137119"
"speed","mps","kph","m/s","km/h","mps-to-kph","https://turbounitconverter.com/c/speed/mps-to-kph","m/s to km/h — Convert Meter/second to Kilometer/hour | Turbo","m/s to km/h Converter","Convert Meter/second (m/s) to Kilometer/hour (km/h) instantly. 1 m/s = 3.6 km/h. Free, accurate, engineering-grade precision.","meter/second to kilometer/hour","m/s to km/h | convert meter/second to kilometer/hour | how many kilometer/hour in a meter/second | meter/second in kilometer/hour | m/s to km/h converter | meter/second vs kilometer/hour | meter/second to kilometer/hour formula | meter/second to kilometer/hour calculator","22000","3.6"
"speed","kph","mps","km/h","m/s","kph-to-mps","https://turbounitconverter.com/c/speed/kph-to-mps","km/h to m/s — Convert Kilometer/hour to Meter/second | Turbo","km/h to m/s Converter","Convert Kilometer/hour (km/h) to Meter/second (m/s) instantly. 1 km/h = 0.27777778 m/s. Free, accurate, engineering-grade precision.","kilometer/hour to meter/second","km/h to m/s | convert kilometer/hour to meter/second | how many meter/second in a kilometer/hour | kilometer/hour in meter/second | km/h to m/s converter | kilometer/hour vs meter/second | kilometer/hour to meter/second formula | kilometer/hour to meter/second calculator","18000","0.27777778"
"speed","mps","mph","m/s","mph","mps-to-mph","https://turbounitconverter.com/c/speed/mps-to-mph","m/s to mph — Convert Meter/second to Mile/hour | Turbo Unit ","m/s to mph Converter","Convert Meter/second (m/s) to Mile/hour (mph) instantly. 1 m/s = 2.2369363 mph. Free, accurate, engineering-grade precision.","meter/second to mile/hour","m/s to mph | convert meter/second to mile/hour | how many mile/hour in a meter/second | meter/second in mile/hour | m/s to mph converter | meter/second vs mile/hour | meter/second to mile/hour formula | meter/second to mile/hour calculator","18000","2.2369363"
"speed","mph","mps","mph","m/s","mph-to-mps","https://turbounitconverter.com/c/speed/mph-to-mps","mph to m/s — Convert Mile/hour to Meter/second | Turbo Unit ","mph to m/s Converter","Convert Mile/hour (mph) to Meter/second (m/s) instantly. 1 mph = 0.44704 m/s. Free, accurate, engineering-grade precision.","mile/hour to meter/second","mph to m/s | convert mile/hour to meter/second | how many meter/second in a mile/hour | mile/hour in meter/second | mph to m/s converter | mile/hour vs meter/second | mile/hour to meter/second formula | mile/hour to meter/second calculator","12100","0.44704"
"speed","knot","mph","kn","mph","knot-to-mph","https://turbounitconverter.com/c/speed/knot-to-mph","kn to mph — Convert Knot to Mile/hour | Turbo Unit Converter","kn to mph Converter","Convert Knot (kn) to Mile/hour (mph) instantly. 1 kn = 1.1507785 mph. Free, accurate, engineering-grade precision.","knot to mile/hour","kn to mph | convert knot to mile/hour | how many mile/hour in a knot | knot in mile/hour | kn to mph converter | knot vs mile/hour | knot to mile/hour formula | knot to mile/hour calculator","18000","1.1507785"
"speed","mph","knot","mph","kn","mph-to-knot","https://turbounitconverter.com/c/speed/mph-to-knot","mph to kn — Convert Mile/hour to Knot | Turbo Unit Converter","mph to kn Converter","Convert Mile/hour (mph) to Knot (kn) instantly. 1 mph = 0.86897699 kn. Free, accurate, engineering-grade precision.","mile/hour to knot","mph to kn | convert mile/hour to knot | how many knot in a mile/hour | mile/hour in knot | mph to kn converter | mile/hour vs knot | mile/hour to knot formula | mile/hour to knot calculator","12100","0.86897699"
"speed","knot","kph","kn","km/h","knot-to-kph","https://turbounitconverter.com/c/speed/knot-to-kph","kn to km/h — Convert Knot to Kilometer/hour | Turbo Unit Con","kn to km/h Converter","Convert Knot (kn) to Kilometer/hour (km/h) instantly. 1 kn = 1.8519984 km/h. Free, accurate, engineering-grade precision.","knot to kilometer/hour","kn to km/h | convert knot to kilometer/hour | how many kilometer/hour in a knot | knot in kilometer/hour | kn to km/h converter | knot vs kilometer/hour | knot to kilometer/hour formula | knot to kilometer/hour calculator","12100","1.8519984"
"speed","kph","knot","km/h","kn","kph-to-knot","https://turbounitconverter.com/c/speed/kph-to-knot","km/h to kn — Convert Kilometer/hour to Knot | Turbo Unit Con","km/h to kn Converter","Convert Kilometer/hour (km/h) to Knot (kn) instantly. 1 km/h = 0.53995727 kn. Free, accurate, engineering-grade precision.","kilometer/hour to knot","km/h to kn | convert kilometer/hour to knot | how many knot in a kilometer/hour | kilometer/hour in knot | km/h to kn converter | kilometer/hour vs knot | kilometer/hour to knot formula | kilometer/hour to knot calculator","9900","0.53995727"
"energy","J","cal","J","cal","J-to-cal","https://turbounitconverter.com/c/energy/J-to-cal","J to cal — Convert Joule to Calorie | Turbo Unit Converter","J to cal Converter","Convert Joule (J) to Calorie (cal) instantly. 1 J = 0.23900574 cal. Free, accurate, engineering-grade precision.","joule to calorie","j to cal | convert joule to calorie | how many calorie in a joule | joule in calorie | j to cal converter | joule vs calorie | joule to calorie formula | joule to calorie calculator","12100","0.23900574"
"energy","cal","J","cal","J","cal-to-J","https://turbounitconverter.com/c/energy/cal-to-J","cal to J — Convert Calorie to Joule | Turbo Unit Converter","cal to J Converter","Convert Calorie (cal) to Joule (J) instantly. 1 cal = 4.184 J. Free, accurate, engineering-grade precision.","calorie to joule","cal to j | convert calorie to joule | how many joule in a calorie | calorie in joule | cal to j converter | calorie vs joule | calorie to joule formula | calorie to joule calculator","9900","4.184"
"energy","kJ","kcal","kJ","kcal","kJ-to-kcal","https://turbounitconverter.com/c/energy/kJ-to-kcal","kJ to kcal — Convert Kilojoule to Kilocalorie | Turbo Unit C","kJ to kcal Converter","Convert Kilojoule (kJ) to Kilocalorie (kcal) instantly. 1 kJ = 0.23900574 kcal. Free, accurate, engineering-grade precision.","kilojoule to kilocalorie","kj to kcal | convert kilojoule to kilocalorie | how many kilocalorie in a kilojoule | kilojoule in kilocalorie | kj to kcal converter | kilojoule vs kilocalorie | kilojoule to kilocalorie formula | kilojoule to kilocalorie calculator","18000","0.23900574"
"energy","kcal","kJ","kcal","kJ","kcal-to-kJ","https://turbounitconverter.com/c/energy/kcal-to-kJ","kcal to kJ — Convert Kilocalorie to Kilojoule | Turbo Unit C","kcal to kJ Converter","Convert Kilocalorie (kcal) to Kilojoule (kJ) instantly. 1 kcal = 4.184 kJ. Free, accurate, engineering-grade precision.","kilocalorie to kilojoule","kcal to kj | convert kilocalorie to kilojoule | how many kilojoule in a kilocalorie | kilocalorie in kilojoule | kcal to kj converter | kilocalorie vs kilojoule | kilocalorie to kilojoule formula | kilocalorie to kilojoule calculator","12100","4.184"
"energy","kWh","J","kWh","J","kWh-to-J","https://turbounitconverter.com/c/energy/kWh-to-J","kWh to J — Convert Kilowatt-hour to Joule | Turbo Unit Conve","kWh to J Converter","Convert Kilowatt-hour (kWh) to Joule (J) instantly. 1 kWh = 3600000 J. Free, accurate, engineering-grade precision.","kilowatt-hour to joule","kwh to j | convert kilowatt-hour to joule | how many joule in a kilowatt-hour | kilowatt-hour in joule | kwh to j converter | kilowatt-hour vs joule | kilowatt-hour to joule formula | kilowatt-hour to joule calculator","8100","3600000"
"energy","J","kWh","J","kWh","J-to-kWh","https://turbounitconverter.com/c/energy/J-to-kWh","J to kWh — Convert Joule to Kilowatt-hour | Turbo Unit Conve","J to kWh Converter","Convert Joule (J) to Kilowatt-hour (kWh) instantly. 1 J = 2.777778e-7 kWh. Free, accurate, engineering-grade precision.","joule to kilowatt-hour","j to kwh | convert joule to kilowatt-hour | how many kilowatt-hour in a joule | joule in kilowatt-hour | j to kwh converter | joule vs kilowatt-hour | joule to kilowatt-hour formula | joule to kilowatt-hour calculator","6600","2.777778e-7"
"energy","BTU","J","BTU","J","BTU-to-J","https://turbounitconverter.com/c/energy/BTU-to-J","BTU to J — Convert British Thermal Unit to Joule | Turbo Uni","BTU to J Converter","Convert British Thermal Unit (BTU) to Joule (J) instantly. 1 BTU = 1055.056 J. Free, accurate, engineering-grade precision.","british thermal unit to joule","btu to j | convert british thermal unit to joule | how many joule in a british thermal unit | british thermal unit in joule | btu to j converter | british thermal unit vs joule | british thermal unit to joule formula | british thermal unit to joule calculator","6600","1055.056"
"energy","J","BTU","J","BTU","J-to-BTU","https://turbounitconverter.com/c/energy/J-to-BTU","J to BTU — Convert Joule to British Thermal Unit | Turbo Uni","J to BTU Converter","Convert Joule (J) to British Thermal Unit (BTU) instantly. 1 J = 0.00094781712 BTU. Free, accurate, engineering-grade precision.","joule to british thermal unit","j to btu | convert joule to british thermal unit | how many british thermal unit in a joule | joule in british thermal unit | j to btu converter | joule vs british thermal unit | joule to british thermal unit formula | joule to british thermal unit calculator","5400","0.00094781712"
"power","hp","kW","hp","kW","hp-to-kW","https://turbounitconverter.com/c/power/hp-to-kW","hp to kW — Convert Horsepower (mech) to Kilowatt | Turbo Uni","hp to kW Converter","Convert Horsepower (mech) (hp) to Kilowatt (kW) instantly. 1 hp = 0.74569987 kW. Free, accurate, engineering-grade precision.","horsepower (mech) to kilowatt","hp to kw | convert horsepower (mech) to kilowatt | how many kilowatt in a horsepower (mech) | horsepower (mech) in kilowatt | hp to kw converter | horsepower (mech) vs kilowatt | horsepower (mech) to kilowatt formula | horsepower (mech) to kilowatt calculator","33000","0.74569987"
"power","kW","hp","kW","hp","kW-to-hp","https://turbounitconverter.com/c/power/kW-to-hp","kW to hp — Convert Kilowatt to Horsepower (mech) | Turbo Uni","kW to hp Converter","Convert Kilowatt (kW) to Horsepower (mech) (hp) instantly. 1 kW = 1.3410221 hp. Free, accurate, engineering-grade precision.","kilowatt to horsepower (mech)","kw to hp | convert kilowatt to horsepower (mech) | how many horsepower (mech) in a kilowatt | kilowatt in horsepower (mech) | kw to hp converter | kilowatt vs horsepower (mech) | kilowatt to horsepower (mech) formula | kilowatt to horsepower (mech) calculator","27000","1.3410221"
"power","W","hp","W","hp","W-to-hp","https://turbounitconverter.com/c/power/W-to-hp","W to hp — Convert Watt to Horsepower (mech) | Turbo Unit Con","W to hp Converter","Convert Watt (W) to Horsepower (mech) (hp) instantly. 1 W = 0.0013410221 hp. Free, accurate, engineering-grade precision.","watt to horsepower (mech)","w to hp | convert watt to horsepower (mech) | how many horsepower (mech) in a watt | watt in horsepower (mech) | w to hp converter | watt vs horsepower (mech) | watt to horsepower (mech) formula | watt to horsepower (mech) calculator","12100","0.0013410221"
"power","hp","W","hp","W","hp-to-W","https://turbounitconverter.com/c/power/hp-to-W","hp to W — Convert Horsepower (mech) to Watt | Turbo Unit Con","hp to W Converter","Convert Horsepower (mech) (hp) to Watt (W) instantly. 1 hp = 745.69987 W. Free, accurate, engineering-grade precision.","horsepower (mech) to watt","hp to w | convert horsepower (mech) to watt | how many watt in a horsepower (mech) | horsepower (mech) in watt | hp to w converter | horsepower (mech) vs watt | horsepower (mech) to watt formula | horsepower (mech) to watt calculator","9900","745.69987"
"power","W","kW","W","kW","W-to-kW","https://turbounitconverter.com/c/power/W-to-kW","W to kW — Convert Watt to Kilowatt | Turbo Unit Converter","W to kW Converter","Convert Watt (W) to Kilowatt (kW) instantly. 1 W = 0.001 kW. Free, accurate, engineering-grade precision.","watt to kilowatt","w to kw | convert watt to kilowatt | how many kilowatt in a watt | watt in kilowatt | w to kw converter | watt vs kilowatt | watt to kilowatt formula | watt to kilowatt calculator","8100","0.001"
"power","kW","W","kW","W","kW-to-W","https://turbounitconverter.com/c/power/kW-to-W","kW to W — Convert Kilowatt to Watt | Turbo Unit Converter","kW to W Converter","Convert Kilowatt (kW) to Watt (W) instantly. 1 kW = 1000 W. Free, accurate, engineering-grade precision.","kilowatt to watt","kw to w | convert kilowatt to watt | how many watt in a kilowatt | kilowatt in watt | kw to w converter | kilowatt vs watt | kilowatt to watt formula | kilowatt to watt calculator","6600","1000"
"pressure","psi","bar","psi","bar","psi-to-bar","https://turbounitconverter.com/c/pressure/psi-to-bar","psi to bar — Convert Pound per Sq. Inch to Bar | Turbo Unit ","psi to bar Converter","Convert Pound per Sq. Inch (psi) to Bar (bar) instantly. 1 psi = 0.068947573 bar. Free, accurate, engineering-grade precision.","pound per sq. inch to bar","psi to bar | convert pound per sq. inch to bar | how many bar in a pound per sq. inch | pound per sq. inch in bar | psi to bar converter | pound per sq. inch vs bar | pound per sq. inch to bar formula | pound per sq. inch to bar calculator","27000","0.068947573"
"pressure","bar","psi","bar","psi","bar-to-psi","https://turbounitconverter.com/c/pressure/bar-to-psi","bar to psi — Convert Bar to Pound per Sq. Inch | Turbo Unit ","bar to psi Converter","Convert Bar (bar) to Pound per Sq. Inch (psi) instantly. 1 bar = 14.503774 psi. Free, accurate, engineering-grade precision.","bar to pound per sq. inch","bar to psi | convert bar to pound per sq. inch | how many pound per sq. inch in a bar | bar in pound per sq. inch | bar to psi converter | bar vs pound per sq. inch | bar to pound per sq. inch formula | bar to pound per sq. inch calculator","22000","14.503774"
"pressure","psi","kPa","psi","kPa","psi-to-kPa","https://turbounitconverter.com/c/pressure/psi-to-kPa","psi to kPa — Convert Pound per Sq. Inch to Kilopascal | Turb","psi to kPa Converter","Convert Pound per Sq. Inch (psi) to Kilopascal (kPa) instantly. 1 psi = 6.8947573 kPa. Free, accurate, engineering-grade precision.","pound per sq. inch to kilopascal","psi to kpa | convert pound per sq. inch to kilopascal | how many kilopascal in a pound per sq. inch | pound per sq. inch in kilopascal | psi to kpa converter | pound per sq. inch vs kilopascal | pound per sq. inch to kilopascal formula | pound per sq. inch to kilopascal calculator","18000","6.8947573"
"pressure","kPa","psi","kPa","psi","kPa-to-psi","https://turbounitconverter.com/c/pressure/kPa-to-psi","kPa to psi — Convert Kilopascal to Pound per Sq. Inch | Turb","kPa to psi Converter","Convert Kilopascal (kPa) to Pound per Sq. Inch (psi) instantly. 1 kPa = 0.14503774 psi. Free, accurate, engineering-grade precision.","kilopascal to pound per sq. inch","kpa to psi | convert kilopascal to pound per sq. inch | how many pound per sq. inch in a kilopascal | kilopascal in pound per sq. inch | kpa to psi converter | kilopascal vs pound per sq. inch | kilopascal to pound per sq. inch formula | kilopascal to pound per sq. inch calculator","12100","0.14503774"
"pressure","bar","kPa","bar","kPa","bar-to-kPa","https://turbounitconverter.com/c/pressure/bar-to-kPa","bar to kPa — Convert Bar to Kilopascal | Turbo Unit Converte","bar to kPa Converter","Convert Bar (bar) to Kilopascal (kPa) instantly. 1 bar = 100 kPa. Free, accurate, engineering-grade precision.","bar to kilopascal","bar to kpa | convert bar to kilopascal | how many kilopascal in a bar | bar in kilopascal | bar to kpa converter | bar vs kilopascal | bar to kilopascal formula | bar to kilopascal calculator","8100","100"
"pressure","kPa","bar","kPa","bar","kPa-to-bar","https://turbounitconverter.com/c/pressure/kPa-to-bar","kPa to bar — Convert Kilopascal to Bar | Turbo Unit Converte","kPa to bar Converter","Convert Kilopascal (kPa) to Bar (bar) instantly. 1 kPa = 0.01 bar. Free, accurate, engineering-grade precision.","kilopascal to bar","kpa to bar | convert kilopascal to bar | how many bar in a kilopascal | kilopascal in bar | kpa to bar converter | kilopascal vs bar | kilopascal to bar formula | kilopascal to bar calculator","6600","0.01"
"pressure","atm","psi","atm","psi","atm-to-psi","https://turbounitconverter.com/c/pressure/atm-to-psi","atm to psi — Convert Atmosphere to Pound per Sq. Inch | Turb","atm to psi Converter","Convert Atmosphere (atm) to Pound per Sq. Inch (psi) instantly. 1 atm = 14.695949 psi. Free, accurate, engineering-grade precision.","atmosphere to pound per sq. inch","atm to psi | convert atmosphere to pound per sq. inch | how many pound per sq. inch in a atmosphere | atmosphere in pound per sq. inch | atm to psi converter | atmosphere vs pound per sq. inch | atmosphere to pound per sq. inch formula | atmosphere to pound per sq. inch calculator","12100","14.695949"
"pressure","psi","atm","psi","atm","psi-to-atm","https://turbounitconverter.com/c/pressure/psi-to-atm","psi to atm — Convert Pound per Sq. Inch to Atmosphere | Turb","psi to atm Converter","Convert Pound per Sq. Inch (psi) to Atmosphere (atm) instantly. 1 psi = 0.068045964 atm. Free, accurate, engineering-grade precision.","pound per sq. inch to atmosphere","psi to atm | convert pound per sq. inch to atmosphere | how many atmosphere in a pound per sq. inch | pound per sq. inch in atmosphere | psi to atm converter | pound per sq. inch vs atmosphere | pound per sq. inch to atmosphere formula | pound per sq. inch to atmosphere calculator","9900","0.068045964"
"pressure","mmHg","psi","mmHg","psi","mmHg-to-psi","https://turbounitconverter.com/c/pressure/mmHg-to-psi","mmHg to psi — Convert Millimeter of Mercury to Pound per Sq.","mmHg to psi Converter","Convert Millimeter of Mercury (mmHg) to Pound per Sq. Inch (psi) instantly. 1 mmHg = 0.019336777 psi. Free, accurate, engineering-grade precision.","millimeter of mercury to pound per sq. inch","mmhg to psi | convert millimeter of mercury to pound per sq. inch | how many pound per sq. inch in a millimeter of mercury | millimeter of mercury in pound per sq. inch | mmhg to psi converter | millimeter of mercury vs pound per sq. inch | millimeter of mercury to pound per sq. inch formula | millimeter of mercury to pound per sq. inch calculator","8100","0.019336777"
"pressure","psi","mmHg","psi","mmHg","psi-to-mmHg","https://turbounitconverter.com/c/pressure/psi-to-mmHg","psi to mmHg — Convert Pound per Sq. Inch to Millimeter of Me","psi to mmHg Converter","Convert Pound per Sq. Inch (psi) to Millimeter of Mercury (mmHg) instantly. 1 psi = 51.714925 mmHg. Free, accurate, engineering-grade precision.","pound per sq. inch to millimeter of mercury","psi to mmhg | convert pound per sq. inch to millimeter of mercury | how many millimeter of mercury in a pound per sq. inch | pound per sq. inch in millimeter of mercury | psi to mmhg converter | pound per sq. inch vs millimeter of mercury | pound per sq. inch to millimeter of mercury formula | pound per sq. inch to millimeter of mercury calculator","6600","51.714925"
"data","GB","MB","GB","MB","GB-to-MB","https://turbounitconverter.com/c/data/GB-to-MB","GB to MB — Convert Gigabyte to Megabyte | Turbo Unit Convert","GB to MB Converter","Convert Gigabyte (GB) to Megabyte (MB) instantly. 1 GB = 1000 MB. Free, accurate, engineering-grade precision.","gigabyte to megabyte","gb to mb | convert gigabyte to megabyte | how many megabyte in a gigabyte | gigabyte in megabyte | gb to mb converter | gigabyte vs megabyte | gigabyte to megabyte formula | gigabyte to megabyte calculator","49500","1000"
"data","MB","GB","MB","GB","MB-to-GB","https://turbounitconverter.com/c/data/MB-to-GB","MB to GB — Convert Megabyte to Gigabyte | Turbo Unit Convert","MB to GB Converter","Convert Megabyte (MB) to Gigabyte (GB) instantly. 1 MB = 0.001 GB. Free, accurate, engineering-grade precision.","megabyte to gigabyte","mb to gb | convert megabyte to gigabyte | how many gigabyte in a megabyte | megabyte in gigabyte | mb to gb converter | megabyte vs gigabyte | megabyte to gigabyte formula | megabyte to gigabyte calculator","40500","0.001"
"data","KB","MB","KB","MB","KB-to-MB","https://turbounitconverter.com/c/data/KB-to-MB","KB to MB — Convert Kilobyte to Megabyte | Turbo Unit Convert","KB to MB Converter","Convert Kilobyte (KB) to Megabyte (MB) instantly. 1 KB = 0.001 MB. Free, accurate, engineering-grade precision.","kilobyte to megabyte","kb to mb | convert kilobyte to megabyte | how many megabyte in a kilobyte | kilobyte in megabyte | kb to mb converter | kilobyte vs megabyte | kilobyte to megabyte formula | kilobyte to megabyte calculator","22000","0.001"
"data","MB","KB","MB","KB","MB-to-KB","https://turbounitconverter.com/c/data/MB-to-KB","MB to KB — Convert Megabyte to Kilobyte | Turbo Unit Convert","MB to KB Converter","Convert Megabyte (MB) to Kilobyte (KB) instantly. 1 MB = 1000 KB. Free, accurate, engineering-grade precision.","megabyte to kilobyte","mb to kb | convert megabyte to kilobyte | how many kilobyte in a megabyte | megabyte in kilobyte | mb to kb converter | megabyte vs kilobyte | megabyte to kilobyte formula | megabyte to kilobyte calculator","18000","1000"
"data","TB","GB","TB","GB","TB-to-GB","https://turbounitconverter.com/c/data/TB-to-GB","TB to GB — Convert Terabyte to Gigabyte | Turbo Unit Convert","TB to GB Converter","Convert Terabyte (TB) to Gigabyte (GB) instantly. 1 TB = 1000 GB. Free, accurate, engineering-grade precision.","terabyte to gigabyte","tb to gb | convert terabyte to gigabyte | how many gigabyte in a terabyte | terabyte in gigabyte | tb to gb converter | terabyte vs gigabyte | terabyte to gigabyte formula | terabyte to gigabyte calculator","27000","1000"
"data","GB","TB","GB","TB","GB-to-TB","https://turbounitconverter.com/c/data/GB-to-TB","GB to TB — Convert Gigabyte to Terabyte | Turbo Unit Convert","GB to TB Converter","Convert Gigabyte (GB) to Terabyte (TB) instantly. 1 GB = 0.001 TB. Free, accurate, engineering-grade precision.","gigabyte to terabyte","gb to tb | convert gigabyte to terabyte | how many terabyte in a gigabyte | gigabyte in terabyte | gb to tb converter | gigabyte vs terabyte | gigabyte to terabyte formula | gigabyte to terabyte calculator","18000","0.001"
"data","b","KB","b","KB","b-to-KB","https://turbounitconverter.com/c/data/b-to-KB","b to KB — Convert Bit to Kilobyte | Turbo Unit Converter","b to KB Converter","Convert Bit (b) to Kilobyte (KB) instantly. 1 b = 0.000125 KB. Free, accurate, engineering-grade precision.","bit to kilobyte","b to kb | convert bit to kilobyte | how many kilobyte in a bit | bit in kilobyte | b to kb converter | bit vs kilobyte | bit to kilobyte formula | bit to kilobyte calculator","8100","0.000125"
"data","KB","b","KB","b","KB-to-b","https://turbounitconverter.com/c/data/KB-to-b","KB to b — Convert Kilobyte to Bit | Turbo Unit Converter","KB to b Converter","Convert Kilobyte (KB) to Bit (b) instantly. 1 KB = 8000 b. Free, accurate, engineering-grade precision.","kilobyte to bit","kb to b | convert kilobyte to bit | how many bit in a kilobyte | kilobyte in bit | kb to b converter | kilobyte vs bit | kilobyte to bit formula | kilobyte to bit calculator","6600","8000"
"data","b","b","b","b","b-to-b","https://turbounitconverter.com/c/data/b-to-b","b to b — Convert Bit to Bit | Turbo Unit Converter","b to b Converter","Convert Bit (b) to Bit (b) instantly. 1 b = 1 b. Free, accurate, engineering-grade precision.","bit to bit","b to b | convert bit to bit | how many bit in a bit | bit in bit | b to b converter | bit vs bit | bit to bit formula | bit to bit calculator","6600","1"
"frequency","Hz","kHz","Hz","kHz","Hz-to-kHz","https://turbounitconverter.com/c/frequency/Hz-to-kHz","Hz to kHz — Convert Hertz to Kilohertz | Turbo Unit Converte","Hz to kHz Converter","Convert Hertz (Hz) to Kilohertz (kHz) instantly. 1 Hz = 0.001 kHz. Free, accurate, engineering-grade precision.","hertz to kilohertz","hz to khz | convert hertz to kilohertz | how many kilohertz in a hertz | hertz in kilohertz | hz to khz converter | hertz vs kilohertz | hertz to kilohertz formula | hertz to kilohertz calculator","5400","0.001"
"frequency","kHz","Hz","kHz","Hz","kHz-to-Hz","https://turbounitconverter.com/c/frequency/kHz-to-Hz","kHz to Hz — Convert Kilohertz to Hertz | Turbo Unit Converte","kHz to Hz Converter","Convert Kilohertz (kHz) to Hertz (Hz) instantly. 1 kHz = 1000 Hz. Free, accurate, engineering-grade precision.","kilohertz to hertz","khz to hz | convert kilohertz to hertz | how many hertz in a kilohertz | kilohertz in hertz | khz to hz converter | kilohertz vs hertz | kilohertz to hertz formula | kilohertz to hertz calculator","4400","1000"
"frequency","MHz","GHz","MHz","GHz","MHz-to-GHz","https://turbounitconverter.com/c/frequency/MHz-to-GHz","MHz to GHz — Convert Megahertz to Gigahertz | Turbo Unit Con","MHz to GHz Converter","Convert Megahertz (MHz) to Gigahertz (GHz) instantly. 1 MHz = 0.001 GHz. Free, accurate, engineering-grade precision.","megahertz to gigahertz","mhz to ghz | convert megahertz to gigahertz | how many gigahertz in a megahertz | megahertz in gigahertz | mhz to ghz converter | megahertz vs gigahertz | megahertz to gigahertz formula | megahertz to gigahertz calculator","4400","0.001"
"frequency","GHz","MHz","GHz","MHz","GHz-to-MHz","https://turbounitconverter.com/c/frequency/GHz-to-MHz","GHz to MHz — Convert Gigahertz to Megahertz | Turbo Unit Con","GHz to MHz Converter","Convert Gigahertz (GHz) to Megahertz (MHz) instantly. 1 GHz = 1000 MHz. Free, accurate, engineering-grade precision.","gigahertz to megahertz","ghz to mhz | convert gigahertz to megahertz | how many megahertz in a gigahertz | gigahertz in megahertz | ghz to mhz converter | gigahertz vs megahertz | gigahertz to megahertz formula | gigahertz to megahertz calculator","3600","1000"
"angle","deg","rad","°","rad","deg-to-rad","https://turbounitconverter.com/c/angle/deg-to-rad","° to rad — Convert Degree to Radian | Turbo Unit Converter","° to rad Converter","Convert Degree (°) to Radian (rad) instantly. 1 ° = 0.017453293 rad. Free, accurate, engineering-grade precision.","degree to radian","° to rad | convert degree to radian | how many radian in a degree | degree in radian | ° to rad converter | degree vs radian | degree to radian formula | degree to radian calculator","12100","0.017453293"
"angle","rad","deg","rad","°","rad-to-deg","https://turbounitconverter.com/c/angle/rad-to-deg","rad to ° — Convert Radian to Degree | Turbo Unit Converter","rad to ° Converter","Convert Radian (rad) to Degree (°) instantly. 1 rad = 57.29578 °. Free, accurate, engineering-grade precision.","radian to degree","rad to ° | convert radian to degree | how many degree in a radian | radian in degree | rad to ° converter | radian vs degree | radian to degree formula | radian to degree calculator","9900","57.29578"
"fuel","mpg_us","lp100km","mpg","L/100km","mpg_us-to-lp100km","https://turbounitconverter.com/c/fuel/mpg_us-to-lp100km","mpg to L/100km — Convert Miles/Gallon (US) to Liter/100 km |","mpg to L/100km Converter","Convert Miles/Gallon (US) (mpg) to Liter/100 km (L/100km) instantly. 1 mpg = 235.21458 L/100km. Free, accurate, engineering-grade precision.","miles/gallon (us) to liter/100 km","mpg to l/100km | convert miles/gallon (us) to liter/100 km | how many liter/100 km in a miles/gallon (us) | miles/gallon (us) in liter/100 km | mpg to l/100km converter | miles/gallon (us) vs liter/100 km | miles/gallon (us) to liter/100 km formula | miles/gallon (us) to liter/100 km calculator","9900","235.21458"
"fuel","lp100km","mpg_us","L/100km","mpg","lp100km-to-mpg_us","https://turbounitconverter.com/c/fuel/lp100km-to-mpg_us","L/100km to mpg — Convert Liter/100 km to Miles/Gallon (US) |","L/100km to mpg Converter","Convert Liter/100 km (L/100km) to Miles/Gallon (US) (mpg) instantly. 1 L/100km = 235.21458 mpg. Free, accurate, engineering-grade precision.","liter/100 km to miles/gallon (us)","l/100km to mpg | convert liter/100 km to miles/gallon (us) | how many miles/gallon (us) in a liter/100 km | liter/100 km in miles/gallon (us) | l/100km to mpg converter | liter/100 km vs miles/gallon (us) | liter/100 km to miles/gallon (us) formula | liter/100 km to miles/gallon (us) calculator","8100","235.21458"